0	1	10	11	12	13	14	2	3	4	5	6	7	8	9
Ces1h	Rsf1os1	Sprr2g	Cilp	Cnfn	H2-Aa	Sh2d7	Sprr2a2	H2-Aa	Reg3g	Ccpg1os	H1f5	S100a10	Muc16	Cd63
Muc16	Meig1	Krtap17-1	Clec4d	Il36g	H2-Eb1	Snorc	Ces1h	H2-Eb1	Igkv8-27	1700016K19Rik	Cenpw	Ptn	Msln	Inhbb
Lypd2	1700016K19Rik	Avpr1a	Dmp1	Fst	Lamp3	Rgs2	Rbp4	Lamp3	Muc16	Rsph4a	S100a10	Kcnq1ot1	Tmprss11b	Sftpd
Sprr2a2	Wdr54	Gpx4	Camp	S100a6	Cenpw	Atp1a2	Muc16	H2-Ab1	Ighv2-7	Pifo	Muc16	Tpm2	Sult1b1	Klk14
Ltf	Ccpg1os	Cldn3	3830403N18Rik	Sprr2h	E2f8	Ly6g6f	Synpo	Inhbb	Iglv1	Cfap126	Msln	Krt15	Tmprss11d	C1s1
Depp1	Cfap161	Chga	Fga	Crnn	H2-Ab1	Gnat3	Fmo2	Gm19990	Iglc3	D430036J16Rik	Lypd2	Tgfbi	Fmo2	Pigr
Msln	Cetn4	Col4a1	Atp1b2	Pcdh8	Slc34a2	Spib	Lrg1	Snhg11	Igkv3-2	Fam81b	E2f8	Dapl1	Ifi27l2a	Scgb3a1
Pigr	Dthd1	Phldb2	Rarres2	Ccl5	Hc	Sh2d6	Samd5	Ly6c1	Gm15848	Saxo2	Rad51ap1	Hlf	Cwh43	Kng2
Sprr1a	Hspb11	Shh	S100a8	Calcb	Cdca3	Ltc4s	Kcne3	Gpd1	Iglv2	Dnah12	Kcne3	Synpo	Anxa10	Cyp1b1
Med24	Cetn2	Dpp4	Tagln	Sprr2d	Ptgs1	Prox1	AU021092	Akr1b8	Reg1	1700013F07Rik	Ces1h	Areg	Areg	Iigp1
Tpm2	Ybx2	Crip2	Mfap2	U90926	Cd74	Rgs13	Kcnq1ot1	Hc	Irf4	Rgs22	Pbk	Clca3a2	A2ml1	Rbp4
Samd5	Dnajc15	Cox6a2	Twist1	Krt75	Tinag	Samd5	Itln1	Pla2g1b	Spink1	Cfap69	Cdk1	Krt17	Serpinb11	Prss35
Tmprss11d	Irak1bp1	S100a10	Gm16587	Msln	Inhbb	Pik3r5	Dmbt1	Tinag	Iglc1	Cep126	Cep55	Trp63	Sprr2a2	Ly6k
Anxa10	Med31	Ankrd1	Dspp	Crabp2	Rbpjl	Gm8113	Reg3g	Stbd1	Igkv4-57	ENSMUSG00000120266	Sprr2a2	Col17a1	Ces1h	Tacr1
Gm15848	Lrrc34	Nectin3	Foxf1	Sprr2g	Pla2g1b	Wfdc17	Msln	Ager	Retreg1	Ccdc65	Cdca3	Ccdc3	Akr1c18	Kbtbd11
Synpo	Retreg1	Slco2a1	Gng11	Krt15	Sfta2	Inpp5d	Cldn10	Ptgs1	Ppp1r32	Tm4sf1	Arhgap11a	Rflnb	Krt15	Ndrg1
Inhbb	Ccdc39	Cgnl1	Gm33302	Ifi209	Cep55	1810046K07Rik	Depp1	Dpp4	Ttc12	1700001L19Rik	Hmmr	Cmah	Ifi203	Ldhb
Atf3	Plk5	Akr1b8	Kcne4	Prxl2a	Egfl6	Nrgn	Blvrb	Slc34a2	Ighm	Mlf1	Smc4	Abi3bp	Sptssb	Slc16a12
Kctd14	Acbd7	Arfgef3	Aspn	Tigit	Slc26a4	Irag2	Pigr	Gpx4	Elmod1	Cfap44	Cdc20	Cdo1	Mndal	St8sia6
Kcnq1ot1	1110032A03Rik	Serpinb6b	Inhbb	Nupr1	H2-DMb1	Vav1	Gm15848	Cd74	Hoatz	Fsd1l	Rrm2	Sparcl1	Slc7a11	AU021092
Arl14	Mdh1b	Flnc	Ccn4	Cavin2	Phldb2	Alox5	Lypd2	Gstt1	Lrriq1	ENSMUSG00000121164	Dlgap5	Myl1	Cyp4a12b	Sstr2
Fmo2	Iqub	Krt18	Cyp2e1	Anxa10	Mid1ip1	Txndc16	Ltf	Piwil4	Ighv1-42	Lrrc6	Depdc1a	Stc1	Sparcl1	Serpinb6b
Pmaip1	Eno4	Hopx	Prelp	Cgnl1	Cdk1	Bmx	Fut9	Col4a1	Phtf1	S100a6	Tpm2	Pi15	Myl1	Klk13
Ndrg1	Rsph4a	Cd200	Akr1b8	AA986860	Bex4	Trpm5	A2ml1	Slc26a4	Traf3ip1	Efhb	Synpo	Dclk1	Isg15	Kctd14
Tnip3	Sptlc3	Clu	Agt	Car9	Cd63	Fetub	Muc5ac	Gm43085	Glipr1	Agmat	Sgo2a	Krt14	Stc1	Cldn10
Fn1	Orm1	Sprr1a	Tbx4	Psca	Mybph	Rasgrf2	Tacr1	Sfta2	Mycbpap	5430425K12Rik	Dapl1	Hells	Pi15	Timp3
Arhgdib	1700001L19Rik	Errfi1	Armcx6	Krt18	Ly6c2	Sema3a	Fcgbp	Nipal1	Ppp1r14d	Pih1d2	H1f4	Slfn9	Dclk1	Bpifb1
Cdh6	Gm44000	Nebl	Mmp8	Il1rn	Glrx	Cyria	Scgb3a1	H2-DMb1	D730003K21Rik	Riiad1	Melk	Rorb	Ifi204	Tff2
Ero1a	4931406C07Rik	Tgfb2	Rgs2	Tnfaip2	Dram1	Sox9	Gm41715	Cd200	Oscp1	1700088E04Rik	Ube2c	Mcm6	Rorb	Bst1
Edn2	Plet1	Gm19990	Lbh	Ankrd1	Serpinb6b	Tmem45b	Med24	Apoc1	Akr1b8	Gm28729	Spc24	Col1a2	Ifit1	Clu
Wfdc18	Fam216b	Itga9	Tmem26	Arl4c	Col4a1	Abca1	Ces1f	Rbpjl	Wdr54	Dusp18	Ccna2	Cdh6	Col1a2	Bpifa1
Arg1	C230072F16Rik	Kank2	Ogn	Cald1	Nrp1	Plac8	Bpifb1	Serpinb6b	Ccdc57	Pttg1	Cenpm	Col5a2	Col5a2	Tgfb2
Sparcl1	Ccdc187	Limch1	Cd200	Prss27	Hmmr	Adgrg6	Fmo3	Egfl6	Mok	Nudt4	Birc5	Igfbp7	Cybb	Scara3
Myl1	Tmem89	Gsta1	Spon2	Kctd14	Dpp4	Avil	Pon1	Phldb2	Fam47e	Gm5617	Tk1	Mgp	Ifi211	Adamts5
Igfbp5	Fam81b	Ptprn	Cfd	Krt16	Sftpd	Tspan6	Kcnj16	Glrx	Cfap298	Osbpl3	Dtl	Fbn1	Ddx60	Synpo
Stc1	Spink2	Kcne2	Serpina3n	Ero1a	Smc4	Atp2a3	Bpifa1	Slc26a9	Nat9	Gm53012	Cenpk	Scgb1a1	Ifi202b	Col15a1
Pi15	Gm1673	Enpep	Slc36a2	Tnip3	Ldhb	Dclk1	Gp2	Ly6c2	Lbh	Spn	Esco2	Dhfr	Igfbp7	Muc20
Dclk1	Sugt1	Car2	Cpxm1	Onecut2	Tspan11	Hck	Muc5b	Clic3	Ccdc78	Irak1bp1	Lig1	Fstl1	Arg1	Retnla
Rorb	Morn5	Nnat	Mlana	Tmprss11d	Rgcc	Cdh2	Cxcl5	Shh	Ankrd42	Iqub	Cenpf	Zeb2	Fmo3	Scgb1a1
Col1a2	D430036J16Rik	Ager	Penk	Serpinb6b	Depdc1a	Sparcl1	Sult1d1	Dram1	Hsph1	Ybx2	Dhfr	Fmo2	Mgp	Sparcl1
Col5a2	Pih1d2	Tns1	Phldb2	S100a10	Napsa	Myl1	Retnla	Tspan11	Tmem216	Elmod1	Areg	Tyms	Sult1d1	Myl1
Fmo3	D730003K21Rik	S100g	Egr3	Rflnb	Rrm2	Stc1	Ces1g	Cldn18	Med31	Dnah5	Ptn	Gpm6b	Fbn1	B430010I23Rik
Igfbp7	Cfap46	Icam1	Fxyd1	Sprr2e	Cgnl1	Pi15	Bpifb5	Adcy7	Pttg1	Cyp2s1	Krt15	Fam111a	Scgb1a1	Plpp3
Myl7	Hspa4l	Rasgef1a	Dhx58os	Edn1	Zdhhc3	Rorb	Aldh3a1	Nrp1	Wdr31	Spef2	Rad51	Ecm1	Ifit3	Stc1
Mgp	Cibar2	Col4a4	Olr1	Tgfb2	Kif4	Col1a2	Isg20	Rasgef1a	Cyp2s1	Fam229b	Mad2l1	Sprr2b	Fstl1	Pi15
Fbn1	Pifo	Gm40457	Armcx2	Srd5a1	Sgo2a	Col5a2	Clu	Cd63	Iglc2	Eno4	Tpx2	Dcn	Zeb2	Dclk1
Scgb1a1	Saxo2	Cryab	Nrp1	Fbln2	Tmem243	Igfbp7	Sparcl1	Lgi3	Ift43	Arhgef28	Kif20b	Ifi202b	Gpm6b	Rorb
Cxcl5	Odf2l	Slc7a11	Saa3	Klf6	Cdca8	Mgp	Muc20	Zdhhc3	D430036J16Rik	Mak	Kif4	Mt2	Ecm1	Col1a2
Fstl1	Gm28729	Clic3	Tbx3	Sprr1a	Rasgef1a	Fbn1	Slc7a11	Adssl1	Ankrd37	Dynlrb2	Mki67	Adgrg6	Sprr2b	Itga2
Zeb2	Dnajb13	Serpinb9	Rasl11a	Npnt	Ccna2	Scgb1a1	Myl1	Arg2	Iqub	Cetn2	Mcm3	Col3a1	Dcn	Col5a2
Crip3	Ak7	Itgb6	Cxcl1	4930523C07Rik	Fkbp11	Fstl1	Fetub	Veph1	Cspp1	8430429K09Rik	Knl1	Col18a1	Adgrg6	Itgb6
Crispld2	Cep126	Blvrb	Tbx2	Ifi211	Kif20a	Zeb2	Arhgdib	Napsa	Eno4	Akap14	Tacc3	Serpine2	Aldh3a1	Igfbp7
Ednrb	Mid1ip1	Areg	Cxcl14	Tpm2	Lcn2	Gpm6b	Sult1c1	Col4a2	Iah1	ENSMUSG00000120458	Top2a	Nrg1	Col3a1	Mgp
Efcab1	Rpgrip1l	Edn1	Nid2	Lif	Slco2a1	Ecm1	Ankrd37	Ldhb	Ccpg1os	Drc1	Prc1	Clic5	Col18a1	Fbn1
Efcab10	Dusp18	Gm3776	Tbx5	Arg1	Top2a	Sprr2b	Tnip3	Cd302	Cfap46	Ppp1r42	Cdkn3	Lrp1	Serpine2	Fstl1
Efcab11	Mycbp	AA986860	Mustn1	Vcam1	Esco2	Dcn	Reg1	Nectin3	Pih1d2	Cfap161	Cenpe	Tmem45b	Nrg1	Cyp26b1
Efcab12	1700013F07Rik	Cldn18	Fst	Tnfrsf11b	Car2	Col3a1	Lcn2	Cgnl1	Ift46	BC051019	Smc2	Mcm3	Clic5	Zeb2
Dydc2	Cfap126	Klf6	Cyp1b1	Nrp2	Spc24	Col18a1	Alas1	Plxna4	1700013F07Rik	Akr1b8	Ccnb2	Icam1	Fetub	Cpm
Edn1	Nme5	Arl4c	Kcnj8	Csf2	Ccnb2	Serpine2	Retnlb	Lrp2	Gm28729	Rsf1os1	Ckap2	Timp1	Lrp1	Gpm6b
Efcab2	Znhit1	Gclc	Nnmt	Pmaip1	Nebl	Nrg1	Stc1	Tmem243	Sugt1	Fank1	Knstrn	Rad51	Oasl2	Ecm1
Efhb	Cdiptos	Ccn1	Selenop	Fn1	Tk1	Clic5	Pi15	Slco2a1	Cfap100	Tal2	Fam111a	Slc39a14	Ifit2	Sprr2b
Efhc1	Ankrd45	Ndnf	Ppp1r3a	Prss22	Kcne2	Lrp1	Upk3a	Rgcc	Efcab12	Dnajb13	Cdca8	Krt20	Tmem45b	Dcn
Egfl6	Dynlrb2	Rsad2	Eva1b	Aldh1a3	Melk	Timp1	Ero1a	Limch1	Chchd6	Ccno	Clspn	Mylpf	Timp1	Adgrg6
Egr3	Gm12695	Emp2	Synpo	Emp1	Errfi1	Slc39a14	Dclk1	Mme	Kif21a	Glipr1	Pclaf	Serping1	Slc39a14	Col3a1
Crip2	Gm14488	Resp18	Ccl8	Plekhs1	Lrrk2	Krt20	Gadd45g	Kank2	Calm3	Morn5	Kif23	Cenpk	Krt20	Col18a1
Eif2b2	Cep83	Fam189a2	Tslp	Cwh43	Cenpk	Mylpf	Kctd14	AA986860	Cfap91	Tmem216	Cdca2	Sema5a	Mylpf	Serpine2
Crip1	Bbof1	Srxn1	Cyria	Inhba	Cenpe	Serping1	Ndrg1	Selenop	Myl1	1110032A03Rik	Incenp	Neb	Serping1	Nrg1
Crnn	Agr3	4930523C07Rik	Gdf10	Cxcl2	S100g	Sema5a	Retnlg	Tns1	Krt18	BC005624	Uhrf1	Clca1	Sema5a	Clic5
E2f8	1700007K13Rik	Gprc5a	Mmp19	Adgrg6	Rad51	Neb	Cbr3	Errfi1	Fank1	Fam167a	Slfn9	Pkd2	Neb	Lrp1
Crocc2	1700024G13Rik	Clic5	Fgg	Errfi1	Knl1	Clca1	Krt18	Arfgef3	Dync2i1	Ift88	Tmprss11d	Col5a1	Clca1	Tmem45b
Cryaa	Hoatz	Ifit2	Gm8113	Ifi202b	Tpx2	Pkd2	Onecut2	Gstt2	Tctn2	Fas	Spc25	Plpp3	Ifi44	Timp1
Dync2h1	Dydc2	Myl1	Epha7	Sprr2f	Chil1	Col5a1	Rorb	Soat1	Stc1	Drc3	Anln	Fgfr1	Apol9b	Slc39a14
Csf2	Lrrc71	Sparcl1	Fhl1	Cdh6	Mki67	Plpp3	Col1a2	Chil1	Pi15	Snrnp25	Racgap1	Parm1	Pkd2	Krt20
Dync2i1	Gm53012	Mylpf	Tmem178	Clu	Cd302	Dync2h1	Ldhb	Nebl	Mapk15	Tctn2	Plk1	Art4	Serpinb2	Mylpf
Dync2i2	Rgs22	Neb	Lsp1	Ptgs2	Incenp	Dync2i2	Tmem213	Cxcl15	Ift81	Cenpw	Mis18bp1	Lhfp	Fut9	Serping1
Dync2li1	Lrriq1	Stc1	Lpl	Il1a	Dlgap5	Dydc2	Igfbp5	Epha7	Ccdc40	1700029J07Rik	Nusap1	Dtl	Tnip3	Sema5a
Crym	Spag17	Pi15	Dpt	Akr1b8	Veph1	Dxo	Col5a2	Renbp	Sparcl1	Nme5	Hmgb2	Itga2	Col5a1	Dpysl3
Cryab	Cfap52	Dclk1	Nr2f1	Krt23	Tns1	ENSMUSG00000121162	Akr1c18	Adam19	Dclk1	Fam161b	Kif11	Retnla	Krt23	Neb
Dynlrb2	Dnaaf6b	Dync2h1	Enpep	Hmga2	Bst2	Dusp18	Sftpd	Kcnc3	Rsph9	Ift74	Lockd	Pclaf	Plpp3	Clca1
Ecrg4	Sntn	Dspp	C1s1	Hbegf	Arl4c	Dync2i1	Parm1	Lrrk2	Wdr27	Fbxo36	Hells	Scara5	Tmem45a	Pkd2
Dxo	Prr29	Dram1	Chodl	Itgb6	Soat1	Drc3	9130015A21Rik	S100g	Ahsa1	E2f8	Tyms	Pcsk5	Fgfr1	Rflnb
Dynlt2b	Zfp474	Drc1	Avpr1a	Plat	Epha7	ENSMUSG00000121164	St6galnac5	Lamb3	Ccdc17	Spa17	Pmf1	Sulf1	Ifit3b	Muc5b
Dynlt4	Dpy30	Dynlt2b	Tns1	Krt20	Fam111a	Dtx1	Myl7	Mid1ip1	Morn1	Wdr31	Mcm6	Fam20c	Lhfp	Col5a1
Dusp18	2410004P03Rik	Drc3	Mmp13	Ecm1	Nectin3	Dnali1	Cyp4b1	Etv5	Rorb	Fam81a	H2ac23	Aebp1	Itga2	Cxcl5
E2f7	Ankrd66	Dynlrb2	Tnfsf13b	Ccn1	Smc2	Dnase1l2	Igfbp7	Maob	Galk1	6820408C15Rik	ENSMUSG00000120992	H2ac23	Blvrb	Icam1
Csgalnact1	Smpdl3a	Drc7	Gxylt2	Cxcl5	Pclaf	Dpcd	Mgp	Cpeb3	Dnah12	A930003A15Rik	Sparcl1	Lgals1	Retnla	Fgfr1
Ecm1	Fam166c	Dthd1	Igfbp6	Sprr2b	Sftpb	Dpp4	Krt15	Slpi	Dusp18	Ankrd42	Myl1	Igfbp5	Kcne3	Fbln5
Dyrk3	Arhgdig	Dydc2	Cgnl1	Itga2	Ube2c	Ereg	Fbn1	Lcn2	Col1a2	Mycbp	Synpr	Col16a1	Med24	Lhfp
Cybb	Chia1	Dtl	Nrn1	Sparcl1	Etv5	Dpt	Tff2	Icam1	Ak7	Rfx2	Tubb6	Fgf2	Otop3	Ccn1
Creg2	Cdkl4	Dyrk3	Gpr153	Myl1	Lrp2	Dpy30	Scgb1a1	Cd36	Ifitm1	Dnajc15	Stc1	Fn1	Cdh6	Car9
Cspp1	ENSMUSG00000121164	Dtx1	Adamts4	Stc1	Spc25	Dpysl3	Cybrd1	Rnase4	B9d1	Dlx4	Pi15	Eln	Kcnj16	Ankrd37
ENSMUSG00000121164	Elmod1	Dync2li1	Mmp3	Pi15	Kank2	Dram1	Wfdc3	Sftpb	Gm5617	Wdr27	Dclk1	Grem1	Bst2	Ccl20
Epha7	Tmem216	Dusp18	Il6	Dclk1	Dennd3	Drc1	Serpinb11	Sftpd	Cep83	Dnah6	Ifi27l2a	Ereg	Scara5	Fcgbp
Epp13	Snrnp25	Dxo	Kif1a	Rorb	Ckap2	Epp13	Fstl1	Itga9	Drc1	Gm31182	Rorb	Mxra7	Ltf	Cavin2
Ereg	Ccdc65	Dync2i2	Frzb	Col1a2	Cenpf	Epha7	Atf3	Pygl	Cfap69	Hyls1	Trp63	Lig1	Pcsk5	Scara5
Erich2	Drc1	Dync2i1	G0s2	Col5a2	Tacc3	Dync2li1	Zeb2	Dennd3	Nme5	Gm11517	Col1a2	Thbs1	Car2	Pcsk5
Erich3	Dnai4	Dynlt4	Loxl1	Igfbp7	Nnat	Drc7	Cgnl1	Gpam	Dnah6	Wdr95	Ccdc3	Bgn	Sulf1	Pygl
Cpn1	5430425K12Rik	Znhit1	Thbs2	Mgp	Cdca2	Dspp	Inhbb	Il33	Odf2l	Bphl	Col5a2	Cfh	Fam20c	Sulf1
Erp27	Ift74	E2f7	Pdgfrb	Fbn1	Plk1	Dthd1	Cd63	Creg1	Tmem231	Cfap45	Col17a1	Abca1	Aebp1	Fam20c
Errfi1	Agrp	E2f8	A730049H05Rik	Scgb1a1	Nusap1	Dtl	Fgl1	Cpm	1110032A03Rik	Rab36	Akr1c18	Fkbp7	H2ac23	Aebp1
Esam	Rpgr	Eno3	Npr3	Tnc	Mis18bp1	ENSMUSG00000121112	Gpm6b	Sftpc	Col5a2	Dnali1	Tnfaip2	Ndnf	Lgals1	H2ac23
Esco2	Gm15402	Eno4	Il1rl1	Fstl1	Mad2l1	Emp3	Steap4	Gclc	Pifo	Ift81	Igfbp7	B430010I23Rik	Igfbp5	Lgals1
Esm1	Slf1	ENSMUSG00000095041	Plac8	Zeb2	Gpam	Dynlrb2	Lif	Panct2	1700016K19Rik	Ak9	Hlf	Ptgs2	Col16a1	Igfbp5
Cpm	Abhd3	ENSMUSG00000120019	Adamts5	Gpm6b	Icam1	Efcab2	St8sia6	Emp2	Ubxn10	Enkur	Lyar	Lox	Fgf2	Col16a1
Etv5	S100a6	ENSMUSG00000120266	Selenom	Dcn	Cdc20	Enpep	Ecm1	Lyz1	Ccdc181	Sec14l3	Mgp	Spon1	9130015A21Rik	Fgf2
Eva1b	Med9os	ENSMUSG00000120458	Maoa	Mylpf	Kif23	Efhb	Sprr2b	Col4a4	BC005624	Ak7	Fbn1	Nr4a1	Eln	Nectin3
F2	Ampd1	ENSMUSG00000120602	Septin4	Col3a1	Il33	Efhc1	Anxa10	Bicc1	Odad1	Odad1	Scgb1a1	Ero1a	Grem1	Eln
F5	Akap14	ENSMUSG00000120992	Ptprn	Col18a1	Mcm6	Eno4	Dcn	Filip1	Kif3a	Efcab1	Cdo1	Tnc	Ereg	Grem1
Fads3	Cfap298	ENSMUSG00000121112	Eng	Neb	Ccn1	Eno3	Tnfaip2	Acoxl	Fbxo36	Dync2i2	Rflnb	Hck	Mxra7	Gna14
Fam111a	Ankrd42	ENSMUSG00000121162	Aqp1	Serpine2	Rnf144a	Egfl6	Sult1c2	Rgs10	Rpgrip1l	Cfap52	Cmah	Mamdc2	Abi3bp	Ereg
ENSMUSG00000121162	Dync2h1	ENSMUSG00000121164	Angpt2	Nrg1	Kif20b	Enkur	Adgrg6	Rnf144a	Cfap53	Mok	Fstl1	Tgfb3	Thbs1	Mxra7
ENSMUSG00000121112	Ppp1r42	Epha7	Slc43a3	Clic5	Racgap1	Egr3	Col15a1	Cald1	Cfap206	Kifap3	Mndal	Mmd	Bgn	Abi3bp
ENSMUSG00000120992	Efhb	Epp13	Ptgis	Lrp1	Cdkn3	Enkd1	Col3a1	Gas6	Cfap65	Dpcd	Zeb2	Uhrf1	Cldn10	Thbs1
Eno3	Kif3a	Ereg	Rasl11b	Tmem45b	Knstrn	Eif2b2	Edn2	Fbln5	Fhad1	Gipc2	Krt14	Sema3a	Tnnt2	Bgn
Eln	Cspp1	Erich2	Col27a1	Timp1	Prc1	Elmod1	Col18a1	Plat	Ccdc180	Retreg1	Anxa10	Mylk	Cfh	Cfh
Elof1	Fam183b	Erich3	Adcy7	Slc39a14	Kif11	Eng	Serpine2	Sftpa1	Igfbp7	Ccdc57	Clca3a2	Nr4a2	Abca1	Abca1
Emp1	Fsd1l	Ero1a	Fxyd6	Serping1	Myct1	Eln	Tmprss11d	Sparcl1	BC051019	Lrrc34	Gm41715	Sparc	Fkbp7	Fkbp7
Emp2	Ccdc78	Erp27	Hgf	Sema5a	Lyz1	Elof1	Nrg1	Acot7	Rsph1	Morn2	Gpm6b	Sprr2f	Ndnf	Ndnf
Emp3	Dynlt2b	Esam	Flnc	Clca1	H2ac23	Emp1	Calml3	Gprc5a	Mapk8ip1	Elof1	Ecm1	Ifit2	B430010I23Rik	Ptgs2
Eng	AI847159	Enkur	Lum	Pkd2	Pmf1	ENSMUSG00000095041	Clic5	Meg3	Mgp	Ttc12	Sprr2b	Clmp	Ptgs2	Lox
Enkd1	ENSMUSG00000121112	Enkd1	Acta2	Dtx1	Gm19990	Efcab12	Chad	Itgb6	Lbp	Rad51ap1	Dcn	Igf1	Lox	Spon1
Enkur	Kcnmb1	Eng	Nfatc4	Efcab11	ENSMUSG00000120992	Dynlt2b	Lrp1	Fam189a2	Cetn2	Ankrd45	Serpinb2	Synpr	Spon1	Nr4a1
Eno4	Fbxo36	Efcab2	Fxyd5	Efcab12	Myl1	Efcab11	Gstm1	Hbegf	Elof1	Cfap65	Adgrg6	Cavin2	Nr4a1	Tnc
ENSMUSG00000120602	Cfap206	Ecm1	Ptger3	Dthd1	Sparcl1	Dynlt4	Tmem45b	Myl1	Dmkn	Shisa8	Cxcl5	Vcam1	Irf7	Hck
Enpep	Fam161b	Ecrg4	Lama4	Egfl6	Stc1	Dyrk3	Timp1	Bst2	Fbn1	Efhc1	Col3a1	Tk1	Tnc	Mamdc2
ENSMUSG00000095041	Akr1b8	Edn2	Tspan6	Efcab2	Pi15	E2f7	Cldn22	Mrc2	Scgb1a1	Smim24	Col18a1	Flrt2	Hck	Tgfb3
ENSMUSG00000120019	Dnah3	Ednrb	Mdk	Egr3	Dclk1	E2f8	Slc39a14	St8sia6	Cep290	Rpgrip1l	Serpine2	Ccdc80	Mamdc2	Ces1f
Creg1	Ppp1r32	Efcab1	Ctsk	Eif2b2	Rorb	Emp2	Krt20	Ivl	Snrnp25	Tacc3	Nrg1	P2ry14	Reg3g	Mmd
Crabp2	5330413P13Rik	Efcab10	Nwd2	Dusp18	Col1a2	Ecrg4	Ifi27	Gkn3	Rsph3a	Dnai2	Clic5	Gprc5a	Muc21	Trp63
ENSMUSG00000120266	Ccdc40	Efcab11	Gpnmb	Efhc1	Col5a2	Edn1	Mylpf	Lrg1	Dnajc15	Casc1	Mt2	Dpysl3	Tgfb3	Sema3a
ENSMUSG00000120458	Gtsf1l	Dpysl3	Gpx3	Dtl	Igfbp7	ENSMUSG00000120602	Serping1	Nkd1	Saxo2	Hsph1	Lrp1	Itgb8	Il1rn	Mylk
Cpxm1	Gng13	Efhb	Col4a2	Efhb	Mgp	Edn2	Sema5a	Atp6v1c2	Agr3	Ifit1bl1	Tmem45b	Nid1	Mmd	Nr4a2
Elmod1	Cfap91	Emp3	Rhoj	Dynlrb2	Fbn1	Ednrb	Fn1	Ndnf	Ccdc191	Ccdc173	Upk3a	Ptprz1	Rsad2	Sparc
Dtx1	Cfap69	Efhc1	Tgfb2	Efcab10	Scgb1a1	Efcab1	Neb	Ly6i	Riiad1	Mapk8ip1	Timp1	Rrm2	Sema3a	Sprr2f
Csrp2	Cep290	Egfl6	Col6a3	Dync2i1	Fstl1	ENSMUSG00000120458	Clca1	Stc1	Gpx4	Cfap91	Aldh3a1	Loxl2	Mylk	Ifit2
Dgat2	Nudt4	Egr3	Dio2	Dynlt4	Zeb2	ENSMUSG00000120266	Npnt	Pi15	Fstl1	Ccdc146	Tnip3	Mrc2	Nr4a2	Clmp
Cxcl2	Ctxn1	Eif2b2	Art4	Dync2li1	Gpm6b	Efcab10	Cyp1b1	Tnfsf9	Cep126	Clspn	Slc39a14	Panct2	Sparc	Igf1
Ddo	Tm4sf1	Elmod1	Emp3	Dyrk3	Ecm1	ENSMUSG00000120019	Pkd2	Serpinb9	Zeb2	Lgals3	Krt20	Id3	Cyp2a5	Synpr
Ddr2	Fam166b	Eln	Dab2	E2f7	Sprr2b	ENSMUSG00000120992	Ccr2	Dclk1	Mycbp	Iqck	Fmo3	Ltbp2	Sprr2f	Vcam1
Ddx60	Cds1	Elof1	Vim	Dync2i2	Dcn	Dnah2	Col5a1	Tnfrsf9	Bphl	Hdc	4930523C07Rik	Isg15	Ero1a	Flrt2
Defb1	Fam229b	Emp1	Inhba	E2f8	Adgrg6	Dnajc15	Plpp3	Myct1	Btg4	Nek1	Mylpf	Srd5a1	Hpgds	Pon1
Dennd3	Dnai3	Efcab12	C1qtnf7	Elmod1	Col3a1	Ctsk	Dpysl3	Phgr1	Dpcd	Cfap206	Serping1	Tmem45a	Samd5	Ccdc80
Depdc1a	ENSMUSG00000120602	Dnah9	Pdgfra	Ecrg4	Col18a1	Cwh43	Arg1	Arl4c	Gpm6b	Paqr5	Sema5a	Pdlim3	Clmp	P2ry14
Cxcl15	Hsph1	Dpy30	Tnfsf8	Efcab1	Serpine2	Cxcl1	Fgfr1	Akap5	Fam81b	Clec12a	Fmo2	Colec12	Igf1	Gprc5a
Deup1	Ccdc121	D430036J16Rik	Fmo2	2410004P03Rik	Nrg1	Cxcl13	Bst2	Sox9	Dydc2	Kif3a	Cwh43	Ndrg1	Synpr	Itgb8
Dgcr6	Rab36	Cyp2a5	Lix1l	Dync2h1	Clic5	Cxcl14	Lhfp	Ramp1	Ecm1	C230072F16Rik	A2ml1	Clspn	Vcam1	Nid1
Dtl	Kbtbd11	Cyp2b10	Fgf10	Dydc2	Lrp1	Cxcl15	Itga2	Akr1c19	Sprr2b	Mdh1b	Neb	Lyz1	Flrt2	Ero1a
Dhfr	Ccdc60	Cyp2d10	Wfdc17	Dxo	Tmem45b	Cxcl2	Ifi44	Rorb	Lgals3	Hoatz	Clca1	Pcnt	Ccdc80	Loxl2
Dhrs9	Hal	Cyp2e1	Csgalnact1	Dynlt2b	Timp1	Cxcl5	Neil2	Col1a2	Dcn	Dync2i1	Pkd2	Pak3	P2ry14	Mrc2
Dhx58os	Dnah12	Cyp2s1	Angpt1	Edn2	Slc39a14	Cybb	Scara5	Itih4	Ulk4	Wdr93	Krt23	Adh1	Gprc5a	Panct2
Dio1	Ttc12	Cyp4a12b	Tac1	Ednrb	Krt20	Cybrd1	Pcsk5	Cldn3	Arhgdig	Ccdc78	St8sia6	Bcl2l12	Dpysl3	Id3
Dio2	Odad3	Cyp4b1	Col6a2	Adam8	Mylpf	Cyp1b1	Sulf1	Col5a2	Plaat3	Plk4	Col5a1	Emp2	Itgb8	Ltbp2
Dkk2	Tmem232	Cyp7b1	Emp1	Enpep	Serping1	Cyp26b1	Otop3	Fkbp11	Adgrg6	Phtf1	Sult1b1	Fam189a2	Nid1	Isg15
Dkk3	Paqr5	Cyria	Mxra8	Eln	Sema5a	Cyp2a5	Fam20c	Areg	Ccdc153	Vwa3b	Bpifa1	Vcan	Dnase1l2	Edn1
Cxcl14	Trim10	D630024D03Rik	Adamts15	Elof1	Neb	Cyp2b10	Adh1	Aif1l	Galnt6	Erich2	Ltf	Ddr2	Dnai2	Klf6
Dkkl1	Cfap65	Cyp1b1	Chst11	Erich3	Clca1	Cyp2d10	Aebp1	Rasl11a	Nudt4	Hpgd	Plpp3	Cdh11	Dnai3	Lif
Dctpp1	Cfap53	D730003K21Rik	Ism1	2310003N18Rik	Pkd2	Cyp2e1	H2ac23	Gm8113	Osbpl3	Abr	Dctpp1	Snhg18	Dnai4	Dapl1
Dcn	Ubxn11	Dab2	Bmper	Erp27	Col5a1	Cyp2s1	Lgals1	Igfbp7	1700028P14Rik	Cspp1	Fgfr1	Hmga2	Gpam	Tmem45a
Dcdc2b	Rsph9	Dapl1	Pdzrn3	2010204K13Rik	Plpp3	Cyp4a12b	Akr1b8	Mgp	Col3a1	Gm41556	Pimreg	Cemip	Dnaja4	Gpx3
Dcdc2a	Lrrc2	Dcaf17	Col1a1	Esam	Fgfr1	Cyp4b1	Col16a1	Fbn1	Mcee	Rpgr	Lhfp	Bpifb5	Gm16006	Pdlim3
Cybrd1	Odad1	Dcbld2	Cavin2	Esco2	Lhfp	Cyp7b1	Fgf2	Scgb1a1	Col18a1	Odf2l	Bst2	Nrp2	Dnali1	Colec12
Cyp1b1	Fank1	Dcdc2a	Crispld2	Esm1	Itga2	D430036J16Rik	Nupr1	Cbr3	Nupr1	Sptlc3	Sptssb	Cep63	Dnajb13	Scgb1c1
Cyp26b1	Odf3b	Dcdc2b	Sema6a	Etv5	Retnla	D630024D03Rik	Eln	Ifi27	Serpine2	Ccdc40	Itga2	Avil	Gm16159	Cybrd1
Cyp2a5	Iyd	Dcn	Prrx1	Eva1b	Scara5	Ctxn1	Grem1	Car2	Cfap44	Traf3ip1	Retnla	Piezo2	Gp2	Cldn2
Cyp2b10	Gpx4	Dctpp1	Cd302	F2	Pcsk5	Cst8	Ereg	Oaz2	Prr29	Rsph3a	Kcnq1ot1	Ifi204	Dnajb2	Lyz1
Cyp2d10	Ccdc146	Cyp26b1	Serpinf1	F5	Sulf1	Dab2	Mxra7	Spink5	Cfap45	Sgo2a	Serpinb11	Igfbp4	Dnajc15	Pcnt
Cyp2e1	Strbp	Cybrd1	Frmd5	Fads3	Fam20c	Csrp2	Abi3bp	Cpn1	Nrg1	Iqca	Icam1	Fgf7	Csf2	Pak3
Cyp2s1	Odf2	Dpt	Wnt5a	Fam111a	Aebp1	Cox8b	Thbs1	Fstl1	Clic5	Styxl1	Scara5	Muc20	Gm15889	Adh1
Cyp4a12b	Mak	Csrp2	Maf	Fam118a	Lgals1	Cpe	Bgn	Kng2	Mlf1	Oaz2	Muc20	Plat	Ctxn1	Bcl2l12
Cyp4b1	Ccdc180	Crip3	Piezo2	Fam161a	Igfbp5	Cpeb3	Igsf1	Zeb2	Lrp1	Ccna1	Kif20a	Hs6st2	Dnai1	Emp2
Cyp7b1	Lrrc18	Crispld2	Mfap5	Fam161b	Col16a1	Cpm	Wfdc18	Ccn1	1700088E04Rik	Ift43	Pcsk5	Plekhs1	Gng13	Fam189a2
Cyria	Efhc1	Crnn	Abcc9	Fam166b	Fgf2	Cpn1	Cfh	Gpm6b	Capsl	Stk33	Blvrb	Tnfrsf9	Dnah9	Vcan
D430036J16Rik	Iftap	Crocc2	Iigp1	Fam166c	Eln	Cpxm1	Areg	Enpep	Tmem45b	Cep83	Sulf1	Dkk2	Dnaaf1	Ddr2
D630024D03Rik	Ak9	Cryaa	Ildr2	Fam167a	Grem1	Crabp2	Abca1	Ecm1	Timp1	Lrrc56	Fam20c	Cyp7b1	Dnaaf6b	Cdh11
D730003K21Rik	Cfap100	Crym	Gli2	Erich2	Ereg	Creg1	Fkbp7	Sprr2b	Znhit1	Tekt4	Aebp1	Tbata	Dnah1	Snhg18
Dab2	Oscp1	Csf2	Cdh11	Ereg	Mxra7	Creg2	Ndnf	Dcn	Alox15	Mdm2	9130015A21Rik	Cxcl2	Gpn2	Cbr3
Dapl1	Gm31659	Csgalnact1	Ldhb	Epp13	Abi3bp	Crip1	B430010I23Rik	Gadd45g	Tmem212	B9d1	Lgals1	Poc1a	Gm16160	Hmga2
Dcaf17	Bphl	Cspp1	Colec12	Drc7	Thbs1	Crip2	Ptgs2	Tgfbi	Cib1	1110017D15Rik	Igfbp5	Fcor	Csgalnact1	Cemip
Dcbld2	Lmln	Cst8	Cemip	2310034G01Rik	Bgn	Crip3	Lox	Crym	Slc39a14	Gpx4	Hmga2	Trim17	Dnah10	Bpifb5
Dlgap5	Mlf1	Cybb	Fgf7	Emp2	Cfh	Crispld2	Prorp	Adgrg6	3300002A11Rik	Dync2h1	Col16a1	Fbln2	Dnah12	Osr1
Dlx4	Dnah1	Ctsk	Cd63	Emp3	Abca1	Crnn	Lgals3	Esam	Las1l	Meig1	Tgfbi	Fblim1	Dnah2	Nrp2
Dmbt1	Pttg1	Ctxn1	Col4a1	Eng	Fkbp7	Crocc2	Spon1	Rragd	Krt20	Cep55	Fgf2	Mfap5	Gpd1	Cep63
Dnai3	A930001A20Rik	Cwh43	Dkk3	Enkd1	Ndnf	Cryaa	Nr4a1	Timp3	Drc7	A730020E08Rik	Reg3g	Itgb6	Dnah3	Avil
Dnaja4	Ino80b	Cxcl1	Plat	Enkur	B430010I23Rik	Cryab	Tnc	Col3a1	Ighg2b	Cfap57	H2ac8	Pla1a	Dnah5	Piezo2
Fam161a	Hacd1	Cxcl13	Igfbp4	Eno3	Ptgs2	Crym	Hck	Col18a1	Dnajb2	Hspb11	Fut9	Frmd5	Dnah6	Gm15848
Dnajb13	Cdhr1	Cxcl14	Clmp	Eno4	Lox	Csf2	Mamdc2	Serpine2	Hopx	Ccdc113	Osr1	Mmp2	Dnah7a	Ifi204
Dnajb2	AU040972	Cxcl15	Mmp10	ENSMUSG00000095041	Spon1	Csgalnact1	Aldh1a1	Nrg1	Morc1	Cdk1	Eln	Atp2a3	Dnah7c	Igfbp4
Dnajc15	Tsga10	Cxcl2	Nkd2	Epha7	Nr4a1	Cspp1	Tgfb3	Clic5	Mylpf	A2ml1	Reg1	Dkk3	Dpcd	Fn1
Dnali1	Dnai2	Cxcl5	Pla1a	ENSMUSG00000120019	Tnc	D730003K21Rik	Mmd	Fads3	Arhgef28	Slf1	Grem1	ENSMUSG00000120992	Dpt	Ifi202b
Dnase1l2	Gm10522	Ddo	Fblim1	ENSMUSG00000120266	Hck	Dapl1	Ifitm1	Kcne2	Acot13	Map1a	Ereg	Abcc9	Gng11	Fgf7
Dpcd	Dnah6	Ddr2	Itgb8	ENSMUSG00000120458	Mamdc2	Dnajb2	Sema3a	Lrp1	Serping1	Ubxn11	Mxra7	Prrx1	Cryaa	Cdo1
Dpp4	Acox2	Ddx60	Kank2	ENSMUSG00000120602	Tgfb3	Dlx4	Car12	Gde1	Tppp3	Cisd3	Abi3bp	Ifit1	Dync2li1	Plat
Dpt	Ccp110	Dnai1	Sema3a	ENSMUSG00000120992	Mmd	Dmkn	Mylk	Tmem45b	Sema5a	Cga	Car2	Retnlb	Dynlrb2	Plekhs1
Dpy30	Ccdc17	Dnah10	Mmp2	ENSMUSG00000121112	Sema3a	Dmp1	Nr4a2	Timp1	Dynlrb2	Tomm20l	Clu	Pam16	Dynlt2b	Tnfrsf9
Cst8	Morn2	Dnah12	Spon1	ENSMUSG00000121162	Mylk	Dmrt3	S100a10	Bex4	Neb	A430088P11Rik	Thbs1	Pdzrn3	Gna14	Dkk2
Dpysl3	Tmem212	Dnah2	Limch1	ENSMUSG00000121164	Nr4a2	Dnaaf1	Sparc	Slc39a14	Clca1	Rptoros	Hs6st2	4930523C07Rik	Dynlt4	Dhrs9
Dram1	Lbh	Dnah3	Ddr2	Dspp	Sparc	Dnaaf6b	Sprr2f	Blvrb	Spink2	Ccdc191	Bgn	Wnt5a	Dyrk3	Gm31063
Drc1	Calm3	Dnah5	Cxcl13	Dnase1l2	Sprr2f	Dnah1	Ifit2	Krt20	Lgals3bp	Gtf2b	Cfh	Smc2	Gm973	Dnah1
Drc3	Gm31160	Dnah6	Gas6	2610028H24Rik	Ifit2	Dnah10	Clmp	Mylpf	Ift74	Ccdc189	Abca1	Scn5a	E2f7	Dnaaf6b
Drc7	Fam167a	Dnah7a	Ace	3110082I17Rik	Clmp	Dnah12	Igf1	Serping1	Cfap126	Ube2t	Fkbp7	ENSMUSG00000095041	Dpp4	Dnaaf1
